Date,Year,Quarter,Month,MonthName,Day,Weekday
2024-01-01,2024,Q1,1,January,1,Monday
2024-01-03,2024,Q1,1,January,3,Wednesday
2024-01-05,2024,Q1,1,January,5,Friday
2024-01-08,2024,Q1,1,January,8,Monday
2024-01-10,2024,Q1,1,January,10,Wednesday
2024-01-12,2024,Q1,1,January,12,Friday
2024-01-15,2024,Q1,1,January,15,Monday
2024-01-18,2024,Q1,1,January,18,Thursday
2024-01-20,2024,Q1,1,January,20,Saturday
2024-01-22,2024,Q1,1,January,22,Monday
2024-01-25,2024,Q1,1,January,25,Thursday
2024-01-28,2024,Q1,1,January,28,Sunday
2024-01-30,2024,Q1,1,January,30,Tuesday
2024-02-02,2024,Q1,2,February,2,Friday
2024-02-05,2024,Q1,2,February,5,Monday
2024-02-08,2024,Q1,2,February,8,Thursday
2024-02-10,2024,Q1,2,February,10,Saturday
2024-02-12,2024,Q1,2,February,12,Monday
2024-02-15,2024,Q1,2,February,15,Thursday
2024-02-18,2024,Q1,2,February,18,Sunday
2024-02-20,2024,Q1,2,February,20,Tuesday
2024-02-22,2024,Q1,2,February,22,Thursday
2024-02-25,2024,Q1,2,February,25,Sunday
2024-02-27,2024,Q1,2,February,27,Tuesday
2024-03-01,2024,Q1,3,March,1,Friday
2024-03-03,2024,Q1,3,March,3,Sunday
2024-03-05,2024,Q1,3,March,5,Tuesday
2024-03-08,2024,Q1,3,March,8,Friday
2024-03-10,2024,Q1,3,March,10,Sunday
2024-03-12,2024,Q1,3,March,12,Tuesday
2024-03-15,2024,Q1,3,March,15,Friday
2024-03-18,2024,Q1,3,March,18,Monday
2024-03-20,2024,Q1,3,March,20,Wednesday
2024-03-22,2024,Q1,3,March,22,Friday
2024-03-25,2024,Q1,3,March,25,Monday
2024-03-28,2024,Q1,3,March,28,Thursday
2024-03-30,2024,Q1,3,March,30,Saturday
2024-04-02,2024,Q2,4,April,2,Tuesday
2024-04-05,2024,Q2,4,April,5,Friday
2024-04-08,2024,Q2,4,April,8,Monday
2024-04-10,2024,Q2,4,April,10,Wednesday
2024-04-12,2024,Q2,4,April,12,Friday
2024-04-15,2024,Q2,4,April,15,Monday
2024-04-18,2024,Q2,4,April,18,Thursday
2024-04-20,2024,Q2,4,April,20,Saturday
2024-04-22,2024,Q2,4,April,22,Monday
2024-04-25,2024,Q2,4,April,25,Thursday
2024-04-28,2024,Q2,4,April,28,Sunday
2024-04-30,2024,Q2,4,April,30,Tuesday
2024-05-02,2024,Q2,5,May,2,Thursday
2024-05-05,2024,Q2,5,May,5,Sunday
2024-05-08,2024,Q2,5,May,8,Wednesday
2024-05-10,2024,Q2,5,May,10,Friday
2024-05-12,2024,Q2,5,May,12,Sunday
2024-05-15,2024,Q2,5,May,15,Wednesday
2024-05-18,2024,Q2,5,May,18,Saturday
2024-05-20,2024,Q2,5,May,20,Monday
2024-05-22,2024,Q2,5,May,22,Wednesday
2024-05-25,2024,Q2,5,May,25,Saturday
2024-05-28,2024,Q2,5,May,28,Tuesday
2024-05-30,2024,Q2,5,May,30,Thursday